Title,Date
Stranger Things: Season 4: Chapter Nine: The Piggyback,05/07/26
Stranger Things: Season 4: Chapter Eight: Papa,05/07/26
Stranger Things: Season 4: Chapter Seven: The Massacre at Hawkins Lab,05/07/26
Stranger Things: Season 4: Chapter Six: The Dive,05/06/26
Stranger Things: Season 4: Chapter Five: The Nina Project,05/06/26
Stranger Things: Season 4: Chapter Four: Dear Billy,05/06/26
Stranger Things: Season 4: Chapter Three: The Monster and the Superhero,05/05/26
Stranger Things: Season 4: Chapter Two: Vecna's Curse,05/05/26
Stranger Things: Season 4: Chapter One: The Hellfire Club,05/05/26
The Last of Us: Season 2: Chapter 4,05/03/26
The Last of Us: Season 2: Chapter 3,05/02/26
The Last of Us: Season 2: Chapter 2,05/01/26
The Last of Us: Season 2: Chapter 1,04/30/26
Wednesday: Staffel 2: Folge 8,04/27/26
Wednesday: Staffel 2: Folge 7,04/27/26
Wednesday: Staffel 2: Folge 6,04/26/26
Wednesday: Staffel 2: Folge 5,04/26/26
Wednesday: Staffel 2: Folge 4,04/25/26
Wednesday: Staffel 2: Folge 3,04/25/26
Wednesday: Staffel 2: Folge 2,04/24/26
Wednesday: Staffel 2: Folge 1,04/24/26
Adolescence: Part 4,04/20/26
Adolescence: Part 3,04/20/26
Adolescence: Part 2,04/19/26
Adolescence: Part 1,04/19/26
Squid Game: Season 3: Episode 6,04/15/26
Squid Game: Season 3: Episode 5,04/15/26
Squid Game: Season 3: Episode 4,04/14/26
Squid Game: Season 3: Episode 3,04/14/26
Squid Game: Season 3: Episode 2,04/13/26
Squid Game: Season 3: Episode 1,04/13/26
Inception,04/10/26
The Witcher: Season 3: Episode 8,04/05/26
The Witcher: Season 3: Episode 7,04/05/26
The Witcher: Season 3: Episode 6,04/04/26
The Witcher: Season 3: Episode 5,04/04/26
The Witcher: Season 3: Episode 4,04/03/26
The Witcher: Season 3: Episode 3,04/03/26
The Witcher: Season 3: Episode 2,04/02/26
The Witcher: Season 3: Episode 1,04/02/26
Interstellar,03/29/26
Avatar: The Last Airbender: Season 1: The Boy in the Iceberg,03/22/26
Avatar: The Last Airbender: Season 1: The Avatar Returns,03/22/26
Avatar: The Last Airbender: Season 1: The Southern Air Temple,03/23/26
Avatar: The Last Airbender: Season 1: The Warriors of Kyoshi,03/23/26
Avatar: The Last Airbender: Season 1: The King of Omashu,03/24/26
Avatar: The Last Airbender: Season 1: Imprisoned,03/24/26
Avatar: The Last Airbender: Season 1: The Spirit World,03/25/26
Avatar: The Last Airbender: Season 1: Avatar Roku,03/25/26
Wednesday: Staffel 1: Folge 8,03/18/26
Wednesday: Staffel 1: Folge 7,03/18/26
Wednesday: Staffel 1: Folge 6,03/17/26
Wednesday: Staffel 1: Folge 5,03/17/26
Wednesday: Staffel 1: Folge 4,03/16/26
Wednesday: Staffel 1: Folge 3,03/16/26
Wednesday: Staffel 1: Folge 2,03/15/26
Wednesday: Staffel 1: Folge 1,03/15/26
The Gentleman,03/10/26
Knives Out,03/08/26
Dark: Staffel 3: Folge 8,02/22/26
Dark: Staffel 3: Folge 7,02/22/26
Dark: Staffel 3: Folge 6,02/21/26
Dark: Staffel 3: Folge 5,02/21/26
Dark: Staffel 3: Folge 4,02/20/26
Dark: Staffel 3: Folge 3,02/20/26
Dark: Staffel 3: Folge 2,02/19/26
Dark: Staffel 3: Folge 1,02/19/26
Dark: Staffel 2: Folge 8,02/15/26
Dark: Staffel 2: Folge 7,02/15/26
Dark: Staffel 2: Folge 6,02/14/26
Dark: Staffel 2: Folge 5,02/14/26
Dark: Staffel 2: Folge 4,02/13/26
Dark: Staffel 2: Folge 3,02/13/26
Dark: Staffel 2: Folge 2,02/12/26
Dark: Staffel 2: Folge 1,02/12/26
Dark: Staffel 1: Folge 10,02/08/26
Dark: Staffel 1: Folge 9,02/08/26
Dark: Staffel 1: Folge 8,02/07/26
Dark: Staffel 1: Folge 7,02/07/26
Dark: Staffel 1: Folge 6,02/06/26
Dark: Staffel 1: Folge 5,02/06/26
Dark: Staffel 1: Folge 4,02/05/26
Dark: Staffel 1: Folge 3,02/05/26
Dark: Staffel 1: Folge 2,02/04/26
Dark: Staffel 1: Folge 1,02/04/26
The Platform 2,02/01/26
The Last of Us: Season 1: Episode 9,01/25/26
The Last of Us: Season 1: Episode 8,01/25/26
The Last of Us: Season 1: Episode 7,01/24/26
The Last of Us: Season 1: Episode 6,01/24/26
The Last of Us: Season 1: Episode 5,01/23/26
The Last of Us: Season 1: Episode 4,01/23/26
The Last of Us: Season 1: Episode 3,01/22/26
The Last of Us: Season 1: Episode 2,01/22/26
The Last of Us: Season 1: Episode 1,01/21/26
Squid Game: Season 2: Episode 7,01/05/26
Squid Game: Season 2: Episode 6,01/05/26
Squid Game: Season 2: Episode 5,01/04/26
Squid Game: Season 2: Episode 4,01/04/26
Squid Game: Season 2: Episode 3,01/03/26
Squid Game: Season 2: Episode 2,01/03/26
Squid Game: Season 2: Episode 1,01/02/26
Carry-On,01/01/26
XO Kitty: Season 2: Episode 10,12/29/25
XO Kitty: Season 2: Episode 9,12/29/25
XO Kitty: Season 2: Episode 8,12/28/25
XO Kitty: Season 2: Episode 7,12/28/25
XO Kitty: Season 2: Episode 6,12/27/25
XO Kitty: Season 2: Episode 5,12/27/25
XO Kitty: Season 2: Episode 4,12/26/25
XO Kitty: Season 2: Episode 3,12/26/25
XO Kitty: Season 2: Episode 2,12/25/25
XO Kitty: Season 2: Episode 1,12/25/25
Maestro,12/23/25
Rebel Ridge,12/21/25
Stranger Things: Season 3: Chapter Eight: The Battle of Starcourt,12/15/25
Stranger Things: Season 3: Chapter Seven: The Bite,12/15/25
Stranger Things: Season 3: Chapter Six: E Pluribus Unum,12/14/25
Stranger Things: Season 3: Chapter Five: The Flayed,12/14/25
Stranger Things: Season 3: Chapter Four: The Sauna Test,12/13/25
Stranger Things: Season 3: Chapter Three: The Case of the Missing Lifeguard,12/13/25
Stranger Things: Season 3: Chapter Two: The Mall Rats,12/12/25
Stranger Things: Season 3: Chapter One: Suzie, Do You Copy?,12/12/25
Stranger Things: Season 2: Chapter Nine: The Gate,12/08/25
Stranger Things: Season 2: Chapter Eight: The Mind Flayer,12/08/25
Stranger Things: Season 2: Chapter Seven: The Lost Sister,12/07/25
Stranger Things: Season 2: Chapter Six: The Spy,12/07/25
Stranger Things: Season 2: Chapter Five: Dig Dug,12/06/25
Stranger Things: Season 2: Chapter Four: Will the Wise,12/06/25
Stranger Things: Season 2: Chapter Three: The Pollywog,12/05/25
Stranger Things: Season 2: Chapter Two: Trick or Treat, Freak,12/05/25
Stranger Things: Season 2: Chapter One: MADMAX,12/04/25
Stranger Things: Season 1: Chapter Eight: The Upside Down,12/01/25
Stranger Things: Season 1: Chapter Seven: The Bathtub,12/01/25
Stranger Things: Season 1: Chapter Six: The Monster,11/30/25
Stranger Things: Season 1: Chapter Five: The Flea and the Acrobat,11/30/25
Stranger Things: Season 1: Chapter Four: The Body,11/29/25
Stranger Things: Season 1: Chapter Three: Holly, Jolly,11/29/25
Stranger Things: Season 1: Chapter Two: The Weirdo on Maple Street,11/28/25
Stranger Things: Season 1: Chapter One: The Vanishing of Will Byers,11/28/25
Squid Game: Season 1: Episode 9,11/20/25
Squid Game: Season 1: Episode 8,11/20/25
Squid Game: Season 1: Episode 7,11/19/25
Squid Game: Season 1: Episode 6,11/19/25
Squid Game: Season 1: Episode 5,11/18/25
Squid Game: Season 1: Episode 4,11/18/25
Squid Game: Season 1: Episode 3,11/17/25
Squid Game: Season 1: Episode 2,11/17/25
Squid Game: Season 1: Episode 1,11/16/25
Thelma,11/10/25
The Witcher: Season 1: Episode 8,11/02/25
The Witcher: Season 1: Episode 7,11/02/25
The Witcher: Season 1: Episode 6,11/01/25
The Witcher: Season 1: Episode 5,11/01/25
The Witcher: Season 1: Episode 4,10/31/25
The Witcher: Season 1: Episode 3,10/31/25
The Witcher: Season 1: Episode 2,10/30/25
The Witcher: Season 1: Episode 1,10/30/25
The Witcher: Season 2: Episode 8,10/25/25
The Witcher: Season 2: Episode 7,10/25/25
The Witcher: Season 2: Episode 6,10/24/25
The Witcher: Season 2: Episode 5,10/24/25
The Witcher: Season 2: Episode 4,10/23/25
The Witcher: Season 2: Episode 3,10/23/25
The Witcher: Season 2: Episode 2,10/22/25
The Witcher: Season 2: Episode 1,10/22/25
Bird Box Barcelona,10/18/25
Emily in Paris: Season 4: Episode 10,10/12/25
Emily in Paris: Season 4: Episode 9,10/12/25
Emily in Paris: Season 4: Episode 8,10/11/25
Emily in Paris: Season 4: Episode 7,10/11/25
Emily in Paris: Season 4: Episode 6,10/10/25
Emily in Paris: Season 4: Episode 5,10/10/25
Emily in Paris: Season 4: Episode 4,10/09/25
Emily in Paris: Season 4: Episode 3,10/09/25
Emily in Paris: Season 4: Episode 2,10/08/25
Emily in Paris: Season 4: Episode 1,10/08/25
Peaky Blinders: Season 6: Episode 6,09/28/25
Peaky Blinders: Season 6: Episode 5,09/28/25
Peaky Blinders: Season 6: Episode 4,09/27/25
Peaky Blinders: Season 6: Episode 3,09/27/25
Peaky Blinders: Season 6: Episode 2,09/26/25
Peaky Blinders: Season 6: Episode 1,09/26/25
Peaky Blinders: Season 5: Episode 6,09/22/25
Peaky Blinders: Season 5: Episode 5,09/22/25
Peaky Blinders: Season 5: Episode 4,09/21/25
Peaky Blinders: Season 5: Episode 3,09/21/25
Peaky Blinders: Season 5: Episode 2,09/20/25
Peaky Blinders: Season 5: Episode 1,09/20/25
Peaky Blinders: Season 4: Episode 6,09/16/25
Peaky Blinders: Season 4: Episode 5,09/16/25
Peaky Blinders: Season 4: Episode 4,09/15/25
Peaky Blinders: Season 4: Episode 3,09/15/25
Peaky Blinders: Season 4: Episode 2,09/14/25
Peaky Blinders: Season 4: Episode 1,09/14/25
Peaky Blinders: Season 3: Episode 6,09/10/25
Peaky Blinders: Season 3: Episode 5,09/10/25
Peaky Blinders: Season 3: Episode 4,09/09/25
Peaky Blinders: Season 3: Episode 3,09/09/25
Peaky Blinders: Season 3: Episode 2,09/08/25
Peaky Blinders: Season 3: Episode 1,09/08/25
Peaky Blinders: Season 2: Episode 6,09/04/25
Peaky Blinders: Season 2: Episode 5,09/04/25
Peaky Blinders: Season 2: Episode 4,09/03/25
Peaky Blinders: Season 2: Episode 3,09/03/25
Peaky Blinders: Season 2: Episode 2,09/02/25
Peaky Blinders: Season 2: Episode 1,09/02/25
Peaky Blinders: Season 1: Episode 6,08/29/25
Peaky Blinders: Season 1: Episode 5,08/29/25
Peaky Blinders: Season 1: Episode 4,08/28/25
Peaky Blinders: Season 1: Episode 3,08/28/25
Peaky Blinders: Season 1: Episode 2,08/27/25
Peaky Blinders: Season 1: Episode 1,08/27/25
Under Paris,08/20/25
The Platform,08/18/25
Money Heist: Part 5: Volume 2: Episode 5,08/10/25
Money Heist: Part 5: Volume 2: Episode 4,08/10/25
Money Heist: Part 5: Volume 2: Episode 3,08/09/25
Money Heist: Part 5: Volume 2: Episode 2,08/09/25
Money Heist: Part 5: Volume 2: Episode 1,08/08/25
Money Heist: Part 5: Volume 1: Episode 5,08/04/25
Money Heist: Part 5: Volume 1: Episode 4,08/04/25
Money Heist: Part 5: Volume 1: Episode 3,08/03/25
Money Heist: Part 5: Volume 1: Episode 2,08/03/25
Money Heist: Part 5: Volume 1: Episode 1,08/02/25
Twilight,08/01/25
Money Heist: Part 4: Episode 8,07/27/25
Money Heist: Part 4: Episode 7,07/27/25
Money Heist: Part 4: Episode 6,07/26/25
Money Heist: Part 4: Episode 5,07/26/25
Money Heist: Part 4: Episode 4,07/25/25
Money Heist: Part 4: Episode 3,07/25/25
Money Heist: Part 4: Episode 2,07/24/25
Money Heist: Part 4: Episode 1,07/24/25
Money Heist: Part 3: Episode 8,07/20/25
Money Heist: Part 3: Episode 7,07/20/25
Money Heist: Part 3: Episode 6,07/19/25
Money Heist: Part 3: Episode 5,07/19/25
Money Heist: Part 3: Episode 4,07/18/25
Money Heist: Part 3: Episode 3,07/18/25
Money Heist: Part 3: Episode 2,07/17/25
Money Heist: Part 3: Episode 1,07/17/25
Money Heist: Part 2: Episode 9,07/13/25
Money Heist: Part 2: Episode 8,07/13/25
Money Heist: Part 2: Episode 7,07/12/25
Money Heist: Part 2: Episode 6,07/12/25
Money Heist: Part 2: Episode 5,07/11/25
Money Heist: Part 2: Episode 4,07/11/25
Money Heist: Part 2: Episode 3,07/10/25
Money Heist: Part 2: Episode 2,07/10/25
Money Heist: Part 2: Episode 1,07/09/25
Money Heist: Part 1: Episode 13,07/05/25
Money Heist: Part 1: Episode 12,07/05/25
Money Heist: Part 1: Episode 11,07/04/25
Money Heist: Part 1: Episode 10,07/04/25
Money Heist: Part 1: Episode 9,07/03/25
Money Heist: Part 1: Episode 8,07/03/25
Money Heist: Part 1: Episode 7,07/02/25
Money Heist: Part 1: Episode 6,07/02/25
Money Heist: Part 1: Episode 5,07/01/25
Money Heist: Part 1: Episode 4,07/01/25
Money Heist: Part 1: Episode 3,06/30/25
Money Heist: Part 1: Episode 2,06/30/25
Money Heist: Part 1: Episode 1,06/29/25
Extraction 2,06/25/25
Bridgerton: Season 3: Episode 8,06/20/25
Bridgerton: Season 3: Episode 7,06/20/25
Bridgerton: Season 3: Episode 6,06/19/25
Bridgerton: Season 3: Episode 5,06/19/25
Bridgerton: Season 3: Episode 4,06/18/25
Bridgerton: Season 3: Episode 3,06/18/25
Bridgerton: Season 3: Episode 2,06/17/25
Bridgerton: Season 3: Episode 1,06/17/25
The Equalizer,06/10/25
Cobra Kai: Season 6: Episode 15,06/04/25
Cobra Kai: Season 6: Episode 14,06/04/25
Cobra Kai: Season 6: Episode 13,06/03/25
Cobra Kai: Season 6: Episode 12,06/03/25
Cobra Kai: Season 6: Episode 11,06/02/25
Cobra Kai: Season 6: Episode 10,06/02/25
Cobra Kai: Season 6: Episode 9,06/01/25
Cobra Kai: Season 6: Episode 8,06/01/25
Cobra Kai: Season 6: Episode 7,05/28/25
Cobra Kai: Season 6: Episode 6,05/28/25
Cobra Kai: Season 6: Episode 5,05/27/25
Cobra Kai: Season 6: Episode 4,05/27/25
Cobra Kai: Season 6: Episode 3,05/26/25
Cobra Kai: Season 6: Episode 2,05/26/25
Cobra Kai: Season 6: Episode 1,05/25/25
Cobra Kai: Season 5: Episode 10,05/20/25
Cobra Kai: Season 5: Episode 9,05/20/25
Cobra Kai: Season 5: Episode 8,05/19/25
Cobra Kai: Season 5: Episode 7,05/19/25
Cobra Kai: Season 5: Episode 6,05/18/25
Cobra Kai: Season 5: Episode 5,05/18/25
Cobra Kai: Season 5: Episode 4,05/17/25
Cobra Kai: Season 5: Episode 3,05/17/25
Cobra Kai: Season 5: Episode 2,05/16/25
Cobra Kai: Season 5: Episode 1,05/16/25
Extraction,05/10/25
Squid Game: Season 1: Episode 1,05/05/25
Squid Game: Season 1: Episode 2,05/05/25
Squid Game: Season 1: Episode 3,05/06/25
Squid Game: Season 1: Episode 4,05/06/25
The Diplomat: Season 2: Episode 8,04/28/25
The Diplomat: Season 2: Episode 7,04/28/25
The Diplomat: Season 2: Episode 6,04/27/25
The Diplomat: Season 2: Episode 5,04/27/25
The Diplomat: Season 2: Episode 4,04/26/25
The Diplomat: Season 2: Episode 3,04/26/25
The Diplomat: Season 2: Episode 2,04/25/25
The Diplomat: Season 2: Episode 1,04/25/25
The Diplomat: Season 1: Episode 8,04/20/25
The Diplomat: Season 1: Episode 7,04/20/25
The Diplomat: Season 1: Episode 6,04/19/25
The Diplomat: Season 1: Episode 5,04/19/25
The Diplomat: Season 1: Episode 4,04/18/25
The Diplomat: Season 1: Episode 3,04/18/25
The Diplomat: Season 1: Episode 2,04/17/25
The Diplomat: Season 1: Episode 1,04/17/25
The Old Guard,04/12/25
Bridgerton: Season 2: Episode 8,04/06/25
Bridgerton: Season 2: Episode 7,04/06/25
Bridgerton: Season 2: Episode 6,04/05/25
Bridgerton: Season 2: Episode 5,04/05/25
Bridgerton: Season 2: Episode 4,04/04/25
Bridgerton: Season 2: Episode 3,04/04/25
Bridgerton: Season 2: Episode 2,04/03/25
Bridgerton: Season 2: Episode 1,04/03/25
Bridgerton: Season 1: Episode 8,03/29/25
Bridgerton: Season 1: Episode 7,03/29/25
Bridgerton: Season 1: Episode 6,03/28/25
Bridgerton: Season 1: Episode 5,03/28/25
Bridgerton: Season 1: Episode 4,03/27/25
Bridgerton: Season 1: Episode 3,03/27/25
Bridgerton: Season 1: Episode 2,03/26/25
Bridgerton: Season 1: Episode 1,03/26/25
The Accountant 2,03/20/25
Lupin: Part 3: Episode 7,03/15/25
Lupin: Part 3: Episode 6,03/15/25
Lupin: Part 3: Episode 5,03/14/25
Lupin: Part 3: Episode 4,03/14/25
Lupin: Part 3: Episode 3,03/13/25
Lupin: Part 3: Episode 2,03/13/25
Lupin: Part 3: Episode 1,03/12/25
Lupin: Part 2: Episode 5,03/08/25
Lupin: Part 2: Episode 4,03/08/25
Lupin: Part 2: Episode 3,03/07/25
Lupin: Part 2: Episode 2,03/07/25
Lupin: Part 2: Episode 1,03/06/25
Lupin: Part 1: Episode 5,03/02/25
Lupin: Part 1: Episode 4,03/02/25
Lupin: Part 1: Episode 3,03/01/25
Lupin: Part 1: Episode 2,03/01/25
Lupin: Part 1: Episode 1,02/28/25
All Quiet on the Western Front,02/22/25
Berlin: Season 2: Episode 8,02/16/25
Berlin: Season 2: Episode 7,02/16/25
Berlin: Season 2: Episode 6,02/15/25
Berlin: Season 2: Episode 5,02/15/25
Berlin: Season 2: Episode 4,02/14/25
Berlin: Season 2: Episode 3,02/14/25
Berlin: Season 2: Episode 2,02/13/25
Berlin: Season 2: Episode 1,02/13/25
The Ballad of Buster Scruggs,02/08/25
Berlin: Season 1: Episode 8,02/02/25
Berlin: Season 1: Episode 7,02/02/25
Berlin: Season 1: Episode 6,02/01/25
Berlin: Season 1: Episode 5,02/01/25
Berlin: Season 1: Episode 4,01/31/25
Berlin: Season 1: Episode 3,01/31/25
Berlin: Season 1: Episode 2,01/30/25
Berlin: Season 1: Episode 1,01/30/25
Rebel Moon: Part Two,01/25/25
The Brothers Sun: Episode 8,01/19/25
The Brothers Sun: Episode 7,01/19/25
The Brothers Sun: Episode 6,01/18/25
The Brothers Sun: Episode 5,01/18/25
The Brothers Sun: Episode 4,01/17/25
The Brothers Sun: Episode 3,01/17/25
The Brothers Sun: Episode 2,01/16/25
The Brothers Sun: Episode 1,01/16/25
Society of the Snow,01/10/25
Rebel Moon: Part One,01/05/25
Leave the World Behind,01/03/25
Emily in Paris: Season 3: Episode 10,12/28/24
Emily in Paris: Season 3: Episode 9,12/28/24
Emily in Paris: Season 3: Episode 8,12/27/24
Emily in Paris: Season 3: Episode 7,12/27/24
Emily in Paris: Season 3: Episode 6,12/26/24
Emily in Paris: Season 3: Episode 5,12/26/24
Emily in Paris: Season 3: Episode 4,12/25/24
Emily in Paris: Season 3: Episode 3,12/25/24
Emily in Paris: Season 3: Episode 2,12/24/24
Emily in Paris: Season 3: Episode 1,12/24/24
The Holiday,12/22/24
Home Alone,12/20/24
Klaus,12/20/24
Cobra Kai: Season 4: Episode 10,12/15/24
Cobra Kai: Season 4: Episode 9,12/15/24
Cobra Kai: Season 4: Episode 8,12/14/24
Cobra Kai: Season 4: Episode 7,12/14/24
Cobra Kai: Season 4: Episode 6,12/13/24
Cobra Kai: Season 4: Episode 5,12/13/24
Cobra Kai: Season 4: Episode 4,12/12/24
Cobra Kai: Season 4: Episode 3,12/12/24
Cobra Kai: Season 4: Episode 2,12/11/24
Cobra Kai: Season 4: Episode 1,12/11/24
Cobra Kai: Season 3: Episode 10,12/07/24
Cobra Kai: Season 3: Episode 9,12/07/24
Cobra Kai: Season 3: Episode 8,12/06/24
Cobra Kai: Season 3: Episode 7,12/06/24
Cobra Kai: Season 3: Episode 6,12/05/24
Cobra Kai: Season 3: Episode 5,12/05/24
Cobra Kai: Season 3: Episode 4,12/04/24
Cobra Kai: Season 3: Episode 3,12/04/24
Cobra Kai: Season 3: Episode 2,12/03/24
Cobra Kai: Season 3: Episode 1,12/03/24
Cobra Kai: Season 2: Episode 10,11/29/24
Cobra Kai: Season 2: Episode 9,11/29/24
Cobra Kai: Season 2: Episode 8,11/28/24
Cobra Kai: Season 2: Episode 7,11/28/24
Cobra Kai: Season 2: Episode 6,11/27/24
Cobra Kai: Season 2: Episode 5,11/27/24
Cobra Kai: Season 2: Episode 4,11/26/24
Cobra Kai: Season 2: Episode 3,11/26/24
Cobra Kai: Season 2: Episode 2,11/25/24
Cobra Kai: Season 2: Episode 1,11/25/24
Cobra Kai: Season 1: Episode 10,11/21/24
Cobra Kai: Season 1: Episode 9,11/21/24
Cobra Kai: Season 1: Episode 8,11/20/24
Cobra Kai: Season 1: Episode 7,11/20/24
Cobra Kai: Season 1: Episode 6,11/19/24
Cobra Kai: Season 1: Episode 5,11/19/24
Cobra Kai: Season 1: Episode 4,11/18/24
Cobra Kai: Season 1: Episode 3,11/18/24
Cobra Kai: Season 1: Episode 2,11/17/24
Cobra Kai: Season 1: Episode 1,11/17/24
The Undertaker: The Last Ride: Chapter 5,11/10/24
The Undertaker: The Last Ride: Chapter 4,11/10/24
The Undertaker: The Last Ride: Chapter 3,11/09/24
The Undertaker: The Last Ride: Chapter 2,11/09/24
The Undertaker: The Last Ride: Chapter 1,11/08/24
Scoop,11/03/24
The Killer,11/01/24
XO Kitty: Season 1: Episode 10,10/26/24
XO Kitty: Season 1: Episode 9,10/26/24
XO Kitty: Season 1: Episode 8,10/25/24
XO Kitty: Season 1: Episode 7,10/25/24
XO Kitty: Season 1: Episode 6,10/24/24
XO Kitty: Season 1: Episode 5,10/24/24
XO Kitty: Season 1: Episode 4,10/23/24
XO Kitty: Season 1: Episode 3,10/23/24
XO Kitty: Season 1: Episode 2,10/22/24
XO Kitty: Season 1: Episode 1,10/22/24
No One Will Save You,10/15/24
Ozark: Season 4: Part 2: Episode 7,10/06/24
Ozark: Season 4: Part 2: Episode 6,10/06/24
Ozark: Season 4: Part 2: Episode 5,10/05/24
Ozark: Season 4: Part 2: Episode 4,10/05/24
Ozark: Season 4: Part 2: Episode 3,10/04/24
Ozark: Season 4: Part 2: Episode 2,10/04/24
Ozark: Season 4: Part 2: Episode 1,10/03/24
Ozark: Season 4: Part 1: Episode 7,09/29/24
Ozark: Season 4: Part 1: Episode 6,09/29/24
Ozark: Season 4: Part 1: Episode 5,09/28/24
Ozark: Season 4: Part 1: Episode 4,09/28/24
Ozark: Season 4: Part 1: Episode 3,09/27/24
Ozark: Season 4: Part 1: Episode 2,09/27/24
Ozark: Season 4: Part 1: Episode 1,09/26/24
Ozark: Season 3: Episode 10,09/22/24
Ozark: Season 3: Episode 9,09/22/24
Ozark: Season 3: Episode 8,09/21/24
Ozark: Season 3: Episode 7,09/21/24
Ozark: Season 3: Episode 6,09/20/24
Ozark: Season 3: Episode 5,09/20/24
Ozark: Season 3: Episode 4,09/19/24
Ozark: Season 3: Episode 3,09/19/24
Ozark: Season 3: Episode 2,09/18/24
Ozark: Season 3: Episode 1,09/18/24
Ozark: Season 2: Episode 10,09/14/24
Ozark: Season 2: Episode 9,09/14/24
Ozark: Season 2: Episode 8,09/13/24
Ozark: Season 2: Episode 7,09/13/24
Ozark: Season 2: Episode 6,09/12/24
Ozark: Season 2: Episode 5,09/12/24
Ozark: Season 2: Episode 4,09/11/24
Ozark: Season 2: Episode 3,09/11/24
Ozark: Season 2: Episode 2,09/10/24
Ozark: Season 2: Episode 1,09/10/24
Ozark: Season 1: Episode 10,09/06/24
Ozark: Season 1: Episode 9,09/06/24
Ozark: Season 1: Episode 8,09/05/24
Ozark: Season 1: Episode 7,09/05/24
Ozark: Season 1: Episode 6,09/04/24
Ozark: Season 1: Episode 5,09/04/24
Ozark: Season 1: Episode 4,09/03/24
Ozark: Season 1: Episode 3,09/03/24
Ozark: Season 1: Episode 2,09/02/24
Ozark: Season 1: Episode 1,09/02/24
The Gray Man,08/25/24
Carter,08/20/24
Kung Fu Panda 4,08/15/24
Emily in Paris: Season 2: Episode 10,08/10/24
Emily in Paris: Season 2: Episode 9,08/10/24
Emily in Paris: Season 2: Episode 8,08/09/24
Emily in Paris: Season 2: Episode 7,08/09/24
Emily in Paris: Season 2: Episode 6,08/08/24
Emily in Paris: Season 2: Episode 5,08/08/24
Emily in Paris: Season 2: Episode 4,08/07/24
Emily in Paris: Season 2: Episode 3,08/07/24
Emily in Paris: Season 2: Episode 2,08/06/24
Emily in Paris: Season 2: Episode 1,08/06/24
Emily in Paris: Season 1: Episode 10,08/02/24
Emily in Paris: Season 1: Episode 9,08/02/24
Emily in Paris: Season 1: Episode 8,08/01/24
Emily in Paris: Season 1: Episode 7,08/01/24
Emily in Paris: Season 1: Episode 6,07/31/24
Emily in Paris: Season 1: Episode 5,07/31/24
Emily in Paris: Season 1: Episode 4,07/30/24
Emily in Paris: Season 1: Episode 3,07/30/24
Emily in Paris: Season 1: Episode 2,07/29/24
Emily in Paris: Season 1: Episode 1,07/29/24
Atlas,07/22/24
The Umbrella Academy: Season 3: Episode 10,07/14/24
The Umbrella Academy: Season 3: Episode 9,07/14/24
The Umbrella Academy: Season 3: Episode 8,07/13/24
The Umbrella Academy: Season 3: Episode 7,07/13/24
The Umbrella Academy: Season 3: Episode 6,07/12/24
The Umbrella Academy: Season 3: Episode 5,07/12/24
The Umbrella Academy: Season 3: Episode 4,07/11/24
The Umbrella Academy: Season 3: Episode 3,07/11/24
The Umbrella Academy: Season 3: Episode 2,07/10/24
The Umbrella Academy: Season 3: Episode 1,07/10/24
The Umbrella Academy: Season 2: Episode 10,07/06/24
The Umbrella Academy: Season 2: Episode 9,07/06/24
The Umbrella Academy: Season 2: Episode 8,07/05/24
The Umbrella Academy: Season 2: Episode 7,07/05/24
The Umbrella Academy: Season 2: Episode 6,07/04/24
The Umbrella Academy: Season 2: Episode 5,07/04/24
The Umbrella Academy: Season 2: Episode 4,07/03/24
The Umbrella Academy: Season 2: Episode 3,07/03/24
The Umbrella Academy: Season 2: Episode 2,07/02/24
The Umbrella Academy: Season 2: Episode 1,07/02/24
The Umbrella Academy: Season 1: Episode 10,06/28/24
The Umbrella Academy: Season 1: Episode 9,06/28/24
The Umbrella Academy: Season 1: Episode 8,06/27/24
The Umbrella Academy: Season 1: Episode 7,06/27/24
The Umbrella Academy: Season 1: Episode 6,06/26/24
The Umbrella Academy: Season 1: Episode 5,06/26/24
The Umbrella Academy: Season 1: Episode 4,06/25/24
The Umbrella Academy: Season 1: Episode 3,06/25/24
The Umbrella Academy: Season 1: Episode 2,06/24/24
The Umbrella Academy: Season 1: Episode 1,06/24/24
The Idea of You,06/18/24
Zack Snyder's Justice League,06/10/24
Black Mirror: Season 6: Episode 5,06/02/24
Black Mirror: Season 6: Episode 4,06/02/24
Black Mirror: Season 6: Episode 3,06/01/24
Black Mirror: Season 6: Episode 2,06/01/24
Black Mirror: Season 6: Episode 1,05/31/24
Black Mirror: Season 5: Episode 3,05/27/24
Black Mirror: Season 5: Episode 2,05/27/24
Black Mirror: Season 5: Episode 1,05/26/24
Black Mirror: Season 4: Episode 6,05/22/24
Black Mirror: Season 4: Episode 5,05/22/24
Black Mirror: Season 4: Episode 4,05/21/24
Black Mirror: Season 4: Episode 3,05/21/24
Black Mirror: Season 4: Episode 2,05/20/24
Black Mirror: Season 4: Episode 1,05/20/24
Black Mirror: Season 3: Episode 6,05/16/24
Black Mirror: Season 3: Episode 5,05/16/24
Black Mirror: Season 3: Episode 4,05/15/24
Black Mirror: Season 3: Episode 3,05/15/24
Black Mirror: Season 3: Episode 2,05/14/24
Black Mirror: Season 3: Episode 1,05/14/24
Black Mirror: Season 2: Episode 4,05/10/24
Black Mirror: Season 2: Episode 3,05/10/24
Black Mirror: Season 2: Episode 2,05/09/24
Black Mirror: Season 2: Episode 1,05/09/24
Black Mirror: Season 1: Episode 3,05/05/24
Black Mirror: Season 1: Episode 2,05/05/24
Black Mirror: Season 1: Episode 1,05/04/24
Damsel,05/01/24
The Gentlemen,04/22/24
Ripley: Episode 8,04/14/24
Ripley: Episode 7,04/14/24
Ripley: Episode 6,04/13/24
Ripley: Episode 5,04/13/24
Ripley: Episode 4,04/12/24
Ripley: Episode 3,04/12/24
Ripley: Episode 2,04/11/24
Ripley: Episode 1,04/11/24
The Recruit: Season 2: Episode 8,04/05/24
The Recruit: Season 2: Episode 7,04/05/24
The Recruit: Season 2: Episode 6,04/04/24
The Recruit: Season 2: Episode 5,04/04/24
The Recruit: Season 2: Episode 4,04/03/24
The Recruit: Season 2: Episode 3,04/03/24
The Recruit: Season 2: Episode 2,04/02/24
The Recruit: Season 2: Episode 1,04/02/24
Shirley,03/25/24
All of Us Are Dead: Season 1: Episode 12,03/18/24
All of Us Are Dead: Season 1: Episode 11,03/18/24
All of Us Are Dead: Season 1: Episode 10,03/17/24
All of Us Are Dead: Season 1: Episode 9,03/17/24
All of Us Are Dead: Season 1: Episode 8,03/16/24
All of Us Are Dead: Season 1: Episode 7,03/16/24
All of Us Are Dead: Season 1: Episode 6,03/15/24
All of Us Are Dead: Season 1: Episode 5,03/15/24
All of Us Are Dead: Season 1: Episode 4,03/14/24
All of Us Are Dead: Season 1: Episode 3,03/14/24
All of Us Are Dead: Season 1: Episode 2,03/13/24
All of Us Are Dead: Season 1: Episode 1,03/13/24
Inception,03/08/24
Irish Wish,03/03/24
Lupin: Part 1: Episode 1,02/25/24
Lupin: Part 1: Episode 2,02/25/24
Lupin: Part 1: Episode 3,02/26/24
Lupin: Part 1: Episode 4,02/26/24
Lupin: Part 1: Episode 5,02/27/24
Luther: The Fallen Sun,02/20/24
Night Agent: Season 1: Episode 10,02/11/24
Night Agent: Season 1: Episode 9,02/11/24
Night Agent: Season 1: Episode 8,02/10/24
Night Agent: Season 1: Episode 7,02/10/24
Night Agent: Season 1: Episode 6,02/09/24
Night Agent: Season 1: Episode 5,02/09/24
Night Agent: Season 1: Episode 4,02/08/24
Night Agent: Season 1: Episode 3,02/08/24
Night Agent: Season 1: Episode 2,02/07/24
Night Agent: Season 1: Episode 1,02/07/24
Chicken Run: Dawn of the Nugget,02/02/24
The Recruit: Season 1: Episode 8,01/27/24
The Recruit: Season 1: Episode 7,01/27/24
The Recruit: Season 1: Episode 6,01/26/24
The Recruit: Season 1: Episode 5,01/26/24
The Recruit: Season 1: Episode 4,01/25/24
The Recruit: Season 1: Episode 3,01/25/24
The Recruit: Season 1: Episode 2,01/24/24
The Recruit: Season 1: Episode 1,01/24/24
Lift,01/12/24
Glass Onion: A Knives Out Mystery,01/06/24
